<assembly xmlns="http://maven.apache.org/plugins/maven-assembly-plugin/assembly/1.1.2"
          xmlns:xsi="http://www.w3.org/2001/XMLSchema-instance"
          xsi:schemaLocation="http://maven.apache.org/plugins/maven-assembly-plugin/assembly/1.1.2 http://maven.apache.org/xsd/assembly-1.1.2.xsd">
    
    <id>theme</id>
    <formats>
        <format>jar</format>
    </formats>
    
    <includeBaseDirectory>false</includeBaseDirectory>

    <fileSets>
        <fileSet>
            <directory>${basedir}/src/main/webapp/resources</directory>
            <outputDirectory>/META-INF/resources</outputDirectory>
            <includes>
                <include>primefaces-*/theme.css</include>
            </includes>
        </fileSet>
    </fileSets>
    
</assembly>