<?xml version="1.0" encoding="UTF-8"?>
<facelet-taglib xmlns="http://java.sun.com/xml/ns/javaee"
                xmlns:xsi="http://www.w3.org/2001/XMLSchema-instance"
                xsi:schemaLocation="http://java.sun.com/xml/ns/javaee http://java.sun.com/xml/ns/javaee/web-facelettaglibrary_2_0.xsd"
                version="2.0">
    
    <namespace>http://primefaces.org/ultima</namespace>
    
    <tag>
        <description><![CDATA[Menu is a navigation component for Ultima Layout.]]></description>
        <tag-name>menu</tag-name>
        <component>
            <component-type>org.primefaces.component.UltimaMenu</component-type>
            <renderer-type>org.primefaces.component.UltimaMenuRenderer</renderer-type>
        </component>
        <attribute>
            <description><![CDATA[Unique identifier of the component in a namingContainer.]]></description>
            <name>id</name>
            <required>false</required>
            <type>java.lang.String</type>
        </attribute>
        <attribute>
            <description><![CDATA[Boolean value to specify the rendering of the component, when set to false component will not be rendered.]]></description>
            <name>rendered</name>
            <required>false</required>
            <type>java.lang.Boolean</type>
        </attribute>
        <attribute>
            <description><![CDATA[An el expression referring to a server side UIComponent instance in a backing bean.]]></description>
            <name>binding</name>
            <required>false</required>
            <type>javax.faces.component.UIComponent</type>
        </attribute>
        <attribute>
            <description><![CDATA[Name of the client side widget.]]></description>
            <name>widgetVar</name>
            <required>false</required>
            <type>java.lang.String</type>
        </attribute>
        <attribute>
            <description><![CDATA[A menu model instance to create menu programmatically.]]></description>
            <name>model</name>
            <required>false</required>
            <type>org.primefaces.model.menu.MenuModel</type>
        </attribute>
        <attribute>
            <description><![CDATA[Inline style of the main container element.]]></description>
            <name>style</name>
            <required>false</required>
            <type>java.lang.String</type>
        </attribute>
        <attribute>
            <description><![CDATA[Style class of the main container element.]]></description>
            <name>styleClass</name>
            <required>false</required>
            <type>java.lang.String</type>
        </attribute>
        <attribute>
            <description><![CDATA[Unique identifier of a stateful table to use in state storage. Default is "pf-ultima-menu".]]></description>
            <name>stateKey</name>
            <required>false</required>
            <type>java.lang.Boolean</type>
        </attribute>
        <attribute>
            <description><![CDATA[Defines where a stateful menu keeps its state,
                valid values are "session" for sessionStorage, "local" for localStorage and "none". Default is "session".]]></description>
            <name>stateStorage</name>
            <required>false</required>
            <type>java.lang.Boolean</type>
        </attribute>
    </tag>
    
</facelet-taglib>